Domain,Rank
yahoo.com,6.79
biztoc.com,4.03
indiatimes.com,5.04
scmp.com,5.84
marketscreener.com,4.84
theglobeandmail.com,6.05
cbc.ca,6.42
globalnews.ca,6.11
dailymail.co.uk,6.45
independent.co.uk,6.4
moneycontrol.com,5.69
thestar.com.my,5.64
express.co.uk,5.64
winnipegfreepress.com,5.07
politico.eu,5.56
cnn.com,6.39
businesstimes.com.sg,5.1
afr.com,5.53
cnbc.com,6.7
straitstimes.com,5.46
hellenicshippingnews.com,4.8
castanetkamloops.net,4.28
firstpost.com,5.27
econotimes.com,4.62
independent.ie,5.16
businessinsider.com,7.07
bignewsnetwork.com,4.8
theguardian.com,7.48
news.az,4.58
ndtv.com,5.25
ibtimes.com,5.85
aol.com,5.83
thedailystar.net,5.19
newsweek.com,6.27
hindustantimes.com,5.75
euronews.com,5.72
windsorstar.com,4.74
digitaljournal.com,5.35
channelnewsasia.com,5.22
bangkokpost.com,5.34
thehindu.com,5.71
miragenews.com,4.78
rte.ie,5.75
livemint.com,5.68
irishtimes.com,6.12
financialexpress.com,5.27
abc.net.au,6.47
menafn.com,4.89
calgarysun.com,4.64
wn.com,4.75
tribune.com.pk,5.16
thetimes.com,5.46
rnz.co.nz,5.18
nypost.com,6.37
globalsecurity.org,4.86
thestandard.com.hk,5.03
theconversation.com,6.37
slguardian.org,4.23
netscape.com,4.64
mediaite.com,5.01
breitbart.com,5.25
thehindubusinessline.com,5.27
sky.com,5.31
mirror.co.uk,6.04
infotel.ca,4.63
forbes.com,7.34
whec.com,4.59
lethbridgeherald.com,4.54
bssnews.net,4.31
athens-times.com,4.13
presstv.ir,4.93
panow.com,4.55
oilprice.com,4.98
foreignpolicy.com,5.77
english.news.cn,4.73
en.tempo.co,4.77
calgaryherald.com,5.05
benzinga.com,5.48
aljazeera.com,6.14
aawsat.com,4.74
aa.com.tr,5.42
zerohedge.com,5.41
newkerala.com,4.58
newcastleherald.com.au,4.38
nbcnews.com,6.46
japantimes.co.jp,5.86
columbian.com,5.06
brecorder.com,4.87
bbc.co.uk,7.04
aol.co.uk,4.58
wsws.org,5.07
tribuneindia.com,5.07
shanghaisun.com,2.66
naturalnews.com,4.74
nationalpost.com,5.27
dawn.com,5.34
businessmirror.com.ph,4.67
bnnbloomberg.ca,5.19
bbc.com,7.15
toronto.citynews.ca,4.84
stalbertgazette.com,4.43
smh.com.au,6.29
qz.com,6.5
nytimes.com,8.09
ktvz.com,4.7
chinadaily.com.cn,5.29
bworldonline.com,4.75
businesspost.ie,4.93
brandonsun.com,4.61
aninews.in,5.31
wyomingnewsnow.tv,4.42
winnipegsun.com,4.57
timminstimes.com,4.13
startribune.com,5.33
nugget.ca,4.33
nikkei.com,5.62
macaudailytimes.com.mo,4.52
lbc.co.uk,5.2
kvia.com,4.48
khaleejtimes.com,5.02
gcaptain.com,4.59
dailypost.ng,4.68
cochranetimespost.ca,3.27
bdnews24.com,4.77
webindia123.com,4.6
torontosun.com,5.15
time.com,6.81
theweek.in,5.03
thenews.com.pk,5.11
saultstar.com,4.45
saharareporters.com,4.81
nzcity.co.nz,2.46
nowtoronto.com,4.76
nationalobserver.com,4.67
mynorthwest.com,5.25
marketplace.org,5.42
manilatimes.net,4.78
latimes.com,6.48
itv.com,5.64
invezz.com,4.29
india.com,4.87
gdnonline.com,4.45
fxstreet.com,5.32
financialpost.com,5.12
en.apa.az,4.59
dailysabah.com,5.08
dailyexcelsior.com,4.38
cbsnews.com,6.53
bostonglobe.com,5.59
borneobulletin.com.bn,4.42
asianews.network,4.8
wsls.com,4.71
weeklyblitz.net,4.33
wcbm.com,4.14
tribuneonlineng.com,4.49
torontotelegraph.com,3.35
tonyskansascity.com,3.67
thedailybeast.com,5.63
theblaze.com,5.34
stripes.com,5.02
stabroeknews.com,4.57
scoop.co.nz,5.16
punchng.com,5.14
prokerala.com,4.85
princegeorgecitizen.com,4.31
npr.org,6.8
northernnews.ca,3.52
newsday.com,5.28
news18.com,5.34
metro.co.uk,5.54
maitlandmercury.com.au,4.14
koreatimes.co.kr,5.12
juneesoutherncross.com.au,4.13
indiablooms.com,4.48
go.com,4.23
gazette.com,5.17
ft.com,6.46
freerepublic.com,4.86
freepressjournal.in,4.71
fitzhugh.ca,4.14
dw.com,5.89
dailycaller.com,5.26
cyprus-mail.com,4.84
cp24.com,4.81
chicagotribune.com,5.77
cheknews.ca,4.48
breakingnews.ie,4.76
wwd.com,5.5
watoday.com.au,4.83
undercurrentnews.com,4.48
townhall.com,5.43
timesofsandiego.com,5.04
thisdaylive.com,4.74
thesudburystar.com,4.31
thereminder.ca,4.13
thejournal.ie,5.07
theindianawaaz.com,4.13
thefrontierpost.com,4.41
thailand-business-news.com,4.22
syracuse.com,5.06
squamishchief.com,4.32
springfieldnewssun.com,4.44
sentinelassam.com,4.36
saudigazette.com.sa,4.76
richmond-news.com,4.52
recorder.ca,4.17
queanbeyanage.com.au,4.17
pikiran-rakyat.com,4.42
orissapost.com,4.43
oregonlive.com,5.59
nysun.com,4.78
nltimes.nl,4.91
myjoyonline.com,5.01
morningstaronline.co.uk,4.87
midnorthmonitor.com,3.14
latintimes.com,4.76
kyivpost.com,4.85
ksl.com,5.09
khaama.com,4.56
journal-news.com,4.75
jdsupra.com,5.3
jamaicaobserver.com,4.92
irishexaminer.com,5.11
investmentexecutive.com,4.59
ibtimes.co.uk,5.49
hurriyetdailynews.com,5
freemalaysiatoday.com,4.89
foxnews.com,6.08
fool.com,5.76
eurasiareview.com,4.87
en.people.cn,4.73
elliotlakestandard.ca,4.13
dominicanrepublicpost.com,2.6
deccanchronicle.com,5.03
china.org.cn,4.89
canberratimes.com.au,4.97
bloomberg.com,6.97
blogto.com,5.11
bangordailynews.com,5.14
agriculture.com,4.65
9news.com.au,5.34
zawya.com,5.06
ynetnews.com,4.95
voanews.com,5.8
viva.co.id,4.34
tricitynews.com,4.25
timminspress.com,4.16
theweek.com,5.24
thesun.my,4.27
theregister.com,5.6
thepeninsulaqatar.com,4.67
theolivepress.es,4.52
themarysue.com,4.98
thejakartapost.com,5.1
thediplomat.com,5.46
taipeitimes.com,5.08
stratfordbeaconherald.com,4.39
standardmedia.co.ke,5.2
standard.co.uk,5.68
sharecast.com,4.43
saultthisweek.com,4.19
samaa.tv,4.61
rttnews.com,4.85
reason.com,5.21
rappler.com,5.09
pymnts.com,5.58
prpeak.com,4.19
politicalwire.com,4.64
plant.ca,4.14
philstar.com,5.06
peoplesworld.org,4.72
pakobserver.net,4.52
omanobserver.om,4.51
nydailynews.com,5.28
nsnews.com,4.61
newindianexpress.com,5.47
newdelhitimes.com,3.79
naturalgasintel.com,4.45
naija247news.com,3.86
mlive.com,5.28
marketwatch.com,6.17
lasvegassun.com,4.95
koreabizwire.com,4.57
kob.com,5.07
king5.com,5.08
irishmirror.ie,4.83
intelligencer.ca,4.31
ibtimes.com.au,4.54
hotair.com,5.03
hngn.com,4.54
heritage.org,5.12
heraldscotland.com,5.05
ghanaweb.com,5.03
geo.tv,5.17
fairfieldsuntimes.com,3.55
elpais.com,5.73
eenews.net,4.94
economist.com,6.51
dunyanews.tv,4.54
dnaindia.com,5.33
dailypioneer.com,4.79
cleantechnica.com,5.38
cityam.com,5.16
charter97.org,4.84
capitalfm.co.ke,4.67
businesstoday.in,5.07
brownfieldagnews.com,4.39
bostonherald.com,5.06
belfasttelegraph.co.uk,5.13
baystreet.ca,3.47
asianpacificpost.com,4.35
americanthinker.com,4.88
allafrica.com,5.03
adn.com,5.05
abc17news.com,4.51
2news.com,4.4
yle.fi,5.63
yasstribune.com.au,2.8
worldpoliticsreview.com,4.74
wltribune.com,4.25
wlsam.com,4.78
wknofm.org,4.3
wfin.com,4.37
wdio.com,4.49
wcax.com,4.7
watchingamerica.com,4.37
vietnamnews.vn,4.56
vancouversun.com,5.26
twincities.com,4.99
tribune.net.ph,4.69
tradewindsnews.com,4.53
thisismoney.co.uk,4.91
thestarphoenix.com,4.67
theobserver.ca,4.52
thenational.scot,4.71
theconservativetreehouse.com,4.19
theborneopost.com,4.59
thebeaverton.com,3.95
techcrunch.com,6.99
tass.com,4.97
tanzanianewsreports.com,4.13
surinametimes.com,4.14
stthomastimesjournal.com,4.31
stcatharinesstandard.ca,4.53
sookenewsmirror.com,4.18
socialistproject.ca,4.34
simcoereformer.ca,4.16
silive.com,5.05
siasat.com,4.66
seattletimes.com,5.64
sdcexec.com,4.67
sbs.com.au,5.73
sarniathisweek.com,2.87
sandiegouniontribune.com,5.44
royalgazette.com,4.52
rollingstone.com,5.95
rigzone.com,4.6
reporterherald.com,4.47
rediff.com,4.99
pulse.ng,4.66
postcourier.com.pg,4.63
pjmedia.com,5.04
piquenewsmagazine.com,4.28
pembinavalleyonline.com,4.53
paherald.sk.ca,4.15
ottawacitizen.com,5.22
orlandosentinel.com,5.12
odt.co.nz,5.15
ocregister.com,5.53
nzherald.co.nz,5.37
nwaonline.com,4.58
novinite.com,4.8
northweststar.com.au,4.16
norfolkandtillsonburgnews.com,4.14
nigerianeye.com,4.16
newser.com,4.96
news4jax.com,4.91
news3lv.com,4.56
newrepublic.com,5.56
nbcphiladelphia.com,4.97
nbcnewyork.com,5.05
nakedcapitalism.com,4.78
myparrysoundnow.com,2.77
mynews4.com,4.29
mymotherlode.com,4.39
mobilesyrup.com,4.79
missioncityrecord.com,4.15
middleeasteye.net,5.19
mg.co.za,4.98
masslive.com,5.11
manufacturing.net,4.47
malaymail.com,5.08
lrt.lt,5.14
local10.com,5.02
lfpress.com,4.71
lexology.com,5.12
leaderpost.com,4.69
kvue.com,4.95
ktiv.com,4.44
ktar.com,5.08
kstp.com,4.95
komonews.com,4.91
kfvs12.com,4.54
keyt.com,4.39
ketv.com,4.69
keprtv.com,4.28
kare11.com,5
joannenova.com.au,3.86
israelnationalnews.com,4.82
investorplace.com,4.57
investopedia.com,6.24
interest.co.nz,4.59
inquisitr.com,5
illawarramercury.com.au,4.68
houstonpublicmedia.org,4.85
gulf-times.com,4.77
goulburnpost.com.au,4.25
georgeherald.com,4.35
geneticliteracyproject.org,4.76
fox23maine.com,4.23
fortune.com,6.55
fastmarkets.com,4.52
farmers-exchange.net,2.74
expressnews.com,5.26
exetertoday.ca,2.36
euractiv.com,5.35
en.vietnamplus.vn,4.74
edmontonexaminer.com,4.35
edenmagnet.com.au,2.84
devdiscourse.com,4.69
democracynow.org,5.35
dealstreetasia.com,4.7
dailytrust.com,4.87
dailytimes.com.pk,4.91
dailystar.co.uk,5.05
dailyrecord.co.uk,5.01
dailypakistan.com.pk,4.67
dailyliberal.com.au,4.5
cubaheadlines.com,4.41
ctgtribune.com,2.31
crookwellgazette.com.au,2.78
counterpunch.org,5.07
coastreporter.net,4.29
clickorlando.com,5.01
ckxsfm.com,2.67
chronicle.lu,4.47
chiangraitimes.com,4.38
chch.com,4.53
channel4.com,5.54
centralchronicle.com,4.23
carbuzz.com,5.38
burnabynow.com,4.32
britannica.com,6.38
brantfordexpositor.ca,4.34
bowenislandundercurrent.com,4.22
batemansbaypost.com.au,4.2
barrons.com,5.63
banglamirrornews.com,2.95
atlantanewsfirst.com,4.51
asiaone.com,5.13
arabnews.com,5.14
apnews.com,6.29
americanbanker.com,4.99
alternet.org,5.16
aei.org,5.15
actionforex.com,4.15
abc7ny.com,4.94
620ckrm.com,4.17
znsbahamas.com,4.14
yourdemocracy.net.au,2.48
yellowhammernews.com,4.56
yalibnan.com,4.42
wwnytv.com,4.46
wwno.org,4.67
wwltv.com,4.85
wutc.org,4.14
wunc.org,4.71
wuky.org,4.36
wtae.com,4.82
wsiu.org,4.18
wrvo.org,4.55
wrganews.com,2.92
wpsu.org,3.57
wpr.org,4.93
wpde.com,4.63
wnd.com,4.86
wmra.org,4.48
wlrn.org,4.77
wkms.org,4.28
wjct.org,4.15
wisbusiness.com,4.21
wired.com,7.03
wingsmagazine.com,4.34
wiltsglosstandard.co.uk,4.2
wibc.com,4.5
wgrz.com,5.01
wfae.org,4.67
webpronews.com,4.97
weau.com,4.82
wcvb.com,5.25
wchstv.com,4.52
wcbe.org,4.65
wbtv.com,4.76
wbfo.org,4.21
wbaltv.com,4.73
waterford-news.ie,4.23
washingtonmonthly.com,4.98
washingtonexaminer.com,5.19
wallaceburgcourierpress.com,4.13
wach.com,4.46
vtdigger.org,4.89
vox.com,6.56
vol.at,4.6
virginiabusiness.com,4.48
vir.com.vn,4.58
vindy.com,4.46
vermilionstandard.com,4.13
urdupoint.com,4.98
unilad.com,4.7
uniglobalunion.org,4.44
tvnewscheck.com,4.63
tuko.co.ke,4.46
tucsonsentinel.com,4.57
troymedia.com,4.46
tribune242.com,4.54
tribtoday.com,4.45
trentonian.ca,4.13
travelmarketreport.com,4.26
trains.com,4.66
tpr.org,4.87
toronto.com,4.76
timesofoman.com,4.8
timeshighereducation.com,5.3
timesca.com,4.39
theyeshivaworld.com,4.66
thewhig.com,4.63
theturtleislandnews.com,4.16
thetrucker.com,4.2
thetottenhamindependent.co.uk,4.18
thethaiger.com,4.84
thesun.ng,4.16
thestreetjournal.org,4.21
thesouthafrican.com,5.25
thescottishfarmer.co.uk,4.24
thepublicsradio.org,4.35
thepoultrysite.com,4.63
thepointsguy.com,5.01
thepoint.gm,4.46
thepeterboroughexaminer.com,4.6
theoaklandpress.com,4.84
thenewsherald.com,4.26
themoscowtimes.com,4.98
themilitant.com,4.41
theherald.co.za,4.32
thefederalist.com,5.08
theepochtimes.com,5.64
theengineer.co.uk,4.79
theeagleonline.com.ng,4.38
thedrum.com,5.41
thedriven.io,4.58
thedrinksbusiness.com,4.78
thedickinsonpress.com,4.5
thechronicle.com.gh,4.31
thecattlesite.com,4.3
thecable.ng,4.54
theage.com.au,5.43
the-sun.com,4.86
the-star.co.ke,4.79
the-independent.com,4.83
terradaily.com,4.62
techtimes.com,5.34
techstory.in,4.73
techspot.com,5.33
tbsnews.net,4.66
tbnewswatch.com,4.51
swissinfo.ch,5.22
supplychainbrain.com,4.69
suntimes.com,4.8
sun-sentinel.com,5.05
stratford-herald.com,4.29
stltoday.com,5.46
staradvertiser.com,4.95
standard-freeholder.com,4.19
sputnikglobe.com,4.52
spokesman.com,5.03
spectator.co.uk,5.43
spacewar.com,4.57
southwalesargus.co.uk,4.55
sohu.com,5.54
sltrib.com,5.1
sknvibes.com,4.38
sitkasentinel.com,4.16
singletonargus.com.au,4.31
sina.com.hk,4.3
siliconindia.com,4.39
sierraleonetimes.com,4.14
shippingwatch.com,4.37
shine.cn,4.78
shannonside.ie,4.17
sentinelandenterprise.com,4.24
sdpb.org,4.39
sconeadvocate.com.au,2.48
saobserver.net,4.17
saltwire.com,4.69
salon.com,5.55
sakshipost.com,4.2
saiia.org.za,4.59
rozanaspokesman.com,4.15
ross-shirejournal.co.uk,4.33
rferl.org,5.59
rfdtv.com,4.54
resilience.org,4.79
republicofmining.com,4.16
reminetwork.com,4.36
register-herald.com,4.49
redstate.com,5.02
radioiowa.com,4.59
quesnelobserver.com,4.15
pulpapernews.com,4.16
publicnewsservice.org,4.59
proactiveinvestors.com,4.49
prnewswire.com,6.53
pressenterpriseonline.com,3.74
premiumtimesng.com,4.73
pragativadi.com,4.38
portstephensexaminer.com.au,4.13
portlandtribune.com,4.76
politicaldog101.com,2.79
plenglish.com,4.65
pilotonline.com,4.94
parisstaronline.com,4.13
panapress.com,4.44
pakistanabroad.com,-
oyetimes.com,4.19
outsideonline.com,5.33
order-order.com,4.64
opinionnigeria.com,3.56
ominecaexpress.com,3.22
ohscanada.com,4.17
obj.ca,4.43
nwlaborpress.org,4.24
nwitimes.com,4.7
northerndailyleader.com.au,4.2
northcountrypublicradio.org,4.77
northcountrynow.com,4.24
norfolktoday.ca,4.14
nkytribune.com,4.49
newzealandstar.com,2.21
newyorker.com,6.24
newsx.com,4.53
newswest9.com,4.3
newstalkzb.co.nz,4.74
newstalk.com,4.91
newsroompanama.com,4.22
newschannel9.com,4.62
newschannel20.com,4.42
news9.com,4.93
news4sanantonio.com,4.5
news.rthk.hk,4.88
nebraska.tv,4.46
ncregister.com,4.88
nbcsandiego.com,5.15
nbcchicago.com,5.1
nationalheraldindia.com,4.57
namibian.com.na,4.53
naharnet.com,4.53
msnbc.com,5.31
mprnews.org,5.03
morungexpress.com,4.42
moroccoworldnews.com,4.8
moneysense.ca,4.46
moneylife.in,4.82
mondaq.com,5.05
mitchellrepublic.com,4.54
minnpost.com,5.39
miningweekly.com,4.6
miningjournal.net,4.26
mining-journal.com,4.27
middleeaststar.com,4.15
metal.com,4.2
mercurynews.com,5.56
mendocinobeacon.com,3.17
medicinehatnews.com,4.29
mediafax.ro,4.55
mbtmag.com,4.24
marshallindependent.com,4.24
marinelink.com,4.66
marieclaire.com,5.39
mapleridgenews.com,4.17
manningrivertimes.com.au,4.31
mangalorean.com,4.44
malawi24.com,4.33
macrobusiness.com.au,4.39
macobserver.com,5.26
lynnnews.co.uk,4.22
lusakatimes.com,4.7
lovinmalta.com,4.51
londonlovesbusiness.com,4.73
logisticsmanager.com,4.17
livetradingnews.com,4.24
lithgowmercury.com.au,4.3
lemonde.fr,6.1
leicestermercury.co.uk,4.74
left.eu,4.41
leadership.ng,4.7
lankanewspapers.com,4.21
lancasteronline.com,5.09
lancashiretelegraph.co.uk,4.59
ladysmithchronicle.com,4.13
kyodonews.net,3.49
kw3.com,4.05
kvnf.org,4.39
kval.com,4.45
kuow.org,4.86
ktbb.com,3.32
ksat.com,4.91
krwg.org,4.43
krmg.com,4.43
krdo.com,4.51
krcgtv.com,4.29
kptv.com,4.82
kosovapress.com,4.41
koreaherald.com,5.04
koat.com,4.66
koaa.com,4.34
kmxt.org,4.15
kiwaradio.com,3.67
kcrw.com,5.29
kcra.com,4.83
kathmandupost.com,4.89
kashmirreader.com,4.49
kaieteurnewsonline.com,4.33
jpost.com,5.83
jowhar.com,4.16
jordantimes.com,4.84
jerseyeveningpost.com,4.59
japantoday.com,4.94
jamaica-gleaner.com,4.81
jacobin.com,4.85
ivn.us,4.23
it-online.co.za,4.5
irishnews.com,4.86
iowastatedaily.com,4.45
investmentweek.co.uk,4.59
investing.com,5.57
internationalviewpoint.org,4.55
insurancenewsnet.com,4.61
insidermonkey.com,4.67
insidehighered.com,5.43
inquirer.com,5.15
inlandnewstoday.com,4.14
inlander.com,4.46
infowars.com,4.73
indonesia-investments.com,4.44
indiawest.com,4.62
indiatvnews.com,4.87
independent.com.mt,4.69
inddist.com,4.22
impartialreporter.com,4.45
iheart.com,5.58
ibtimes.co.in,4.78
ibcworldnews.com,4.16
hydrocarbonprocessing.com,4.43
huffingtonpost.co.uk,5.68
htxt.co.za,4.76
hpj.com,4.46
houstonchronicle.com,5.05
hometownregister.com,4.13
heraldnet.com,4.84
henricocitizen.com,4.35
heise.de,6.21
hawaiitribune-herald.com,4.54
gulfcoastnewsnow.com,4.29
gulfbusiness.com,4.68
guardian.ng,4.88
guardian.co.tt,4.95
guampdn.com,4.65
grist.org,5.35
grenadachronicle.com,2.69
greenleft.org.au,4.67
greenfieldreporter.com,4.35
graphic.com.gh,4.68
grahamleader.com,4.13
goskagit.com,4.3
gna.org.gh,4.45
globaltimes.cn,5.16
globalissues.org,4.7
globalatlanta.com,4.43
glennbeck.com,4.75
glassbytes.com,3.38
gjsentinel.com,4.51
gizmodo.com,6.37
gizchina.com,4.51
gilmermirror.com,4.15
ghanamma.com,4.37
ghanaiantimes.com.gh,4.49
gazetteherald.co.uk,4.26
gatestoneinstitute.org,4.6
gamereactor.eu,4.77
froggyweb.com,4.13
freshplaza.com,4.57
foxillinois.com,4.23
foxbusiness.com,5.84
fox9.com,5.2
fox8live.com,4.75
fox7austin.com,4.96
fox4news.com,4.62
fox43.com,4.52
fox19.com,4.73
fox10phoenix.com,4.65
footwearnews.com,5.24
fool.com.au,4.46
fool.ca,4.24
foodbev.com,4.53
flightglobal.com,5.01
firstcoastnews.com,5.08
firstalert4.com,4.4
fingerlakes1.com,4.32
finchannel.com,4.64
finanznachrichten.de,5.13
financialsense.com,4.53
financialmirror.com,4.45
finance-commerce.com,4.3
farmersjournal.ie,4.9
evertiq.com,4.35
euroweeklynews.com,4.66
esmmagazine.com,4.6
energeticcity.ca,4.28
enca.com,4.64
edmontonsun.com,4.82
editorandpublisher.com,4.71
ecr.co.za,4.53
easternriverinachronicle.com.au,2.54
eastbaytimes.com,4.73
dutchnews.nl,4.85
durangoherald.com,5.12
duluthnewstribune.com,5.05
driving.ca,4.67
downtoearth.org.in,4.89
digitimes.com,4.83
dhakacourier.com.bd,4.13
devilslakejournal.com,3.95
deseret.com,5.55
dairyreporter.com,4.56
dailyvoice.com,4.55
dailysquib.co.uk,3.38
dailypress.com,4.88
dailynews.com,4.98
dailymaverick.co.za,5.39
dailylocal.com,4.44
dailydot.com,5.54
dailycardinal.com,4.52
csmonitor.com,5.4
crooksandliars.com,4.91
cranbrooktownsman.com,4.34
cracked.com,5.06
cpa.org.au,4.41
courant.com,5.09
countercurrents.org,4.76
cornwallseawaynews.com,4.31
connachttribune.ie,4.39
communitypress.ca,3.22
cnet.com,6.36
cleveland19.com,4.71
claimsjournal.com,4.45
ckom.com,4.67
ckgsb.edu.cn,3
citizen.co.za,4.85
christianitytoday.com,5.08
chinadigitaltimes.net,4.95
chilkatvalleynews.com,3.79
chennaionline.com,4.34
chathamthisweek.com,4.14
cfr.org,5.54
centralmaine.com,4.5
cbs12.com,4.72
carscoops.com,4.86
cardinalcourieronline.com,3.09
carbon-pulse.com,4.41
capeandislands.org,4.57
canadianmanufacturing.com,4.39
canadianinquirer.net,4.44
caledonianrecord.com,4.4
calcuttanews.net,4.17
butlereagle.com,4.31
businessweekly.co.uk,4.43
businessoffashion.com,5.32
businessinsurance.com,4.47
bullionvault.com,4.8
bruneinews.net,2.62
brightontoday.ca,2.4
bravenewcoin.com,4.69
bramptonguardian.com,4.64
bondbuyer.com,4.51
boisestatepublicradio.org,4.67
bmmagazine.co.uk,4.68
blueprint.ng,4.23
biznews.com,4.52
bizcommunity.com,4.83
biospace.com,5.01
biometricupdate.com,4.96
betakit.com,4.78
barbadostoday.bb,4.44
banklesstimes.com,4.19
bandt.com.au,4.66
baltimoresun.com,5.24
bakingbusiness.com,4.37
azerbaijannews.net,4.14
aviationweek.com,5.24
australiannews.net,4.14
augustafreepress.com,4.56
asianage.com,4.67
asahi.com,5.28
artnet.com,5.3
arkansasonline.com,4.97
argusmedia.com,5.11
apr.org,4.34
antiwar.com,4.81
americanbazaaronline.com,4.53
aliran.com,4.63
aldergrovestar.com,4.36
albawaba.com,4.87
al.com,5.2
al-monitor.com,4.88
ajc.com,5.25
agweek.com,4.33
agrinews-pubs.com,4.2
aginfo.net,3.3
africanews.com,4.82
advocate-news.com,4.38
adnews.com.au,4.61
abc7news.com,5.31
13newsnow.com,5.01
1011now.com,4.39
